curve,elapsed_sec,mean,ci_lo,ci_hi,n_runs
original r6 (n=3),0.0,0.0,0.0,0.0,3
original r6 (n=3),1.0,0.0,0.0,0.0,3
original r6 (n=3),2.0,0.0,0.0,0.0,3
original r6 (n=3),3.0,0.0,0.0,0.0,3
original r6 (n=3),4.0,0.0,0.0,0.0,3
original r6 (n=3),5.0,0.0,0.0,0.0,3
original r6 (n=3),6.0,0.0,0.0,0.0,3
original r6 (n=3),7.0,0.0,0.0,0.0,3
original r6 (n=3),8.0,0.0,0.0,0.0,3
original r6 (n=3),9.0,0.0,0.0,0.0,3
original r6 (n=3),10.0,0.0,0.0,0.0,3
original r6 (n=3),11.0,0.0,0.0,0.0,3
original r6 (n=3),12.0,0.0,0.0,0.0,3
original r6 (n=3),13.0,0.0,0.0,0.0,3
original r6 (n=3),14.0,0.0,0.0,0.0,3
original r6 (n=3),15.0,0.0,0.0,0.0,3
original r6 (n=3),16.0,0.0,0.0,0.0,3
original r6 (n=3),17.0,0.0,0.0,0.0,3
original r6 (n=3),18.0,0.0,0.0,0.0,3
original r6 (n=3),19.0,0.0,0.0,0.0,3
original r6 (n=3),20.0,0.0,0.0,0.0,3
original r6 (n=3),21.0,0.0,0.0,0.0,3
original r6 (n=3),22.0,0.0,0.0,0.0,3
original r6 (n=3),23.0,0.0,0.0,0.0,3
original r6 (n=3),24.0,0.0,0.0,0.0,3
original r6 (n=3),25.0,0.0,0.0,0.0,3
original r6 (n=3),26.0,0.0,0.0,0.0,3
original r6 (n=3),27.0,0.0,0.0,0.0,3
original r6 (n=3),28.0,0.0,0.0,0.0,3
original r6 (n=3),29.0,0.0,0.0,0.0,3
original r6 (n=3),30.0,0.0,0.0,0.0,3
original r6 (n=3),31.0,0.0,0.0,0.0,3
original r6 (n=3),32.0,0.0,0.0,0.0,3
original r6 (n=3),33.0,0.0,0.0,0.0,3
original r6 (n=3),34.0,0.0,0.0,0.0,3
original r6 (n=3),35.0,0.0,0.0,0.0,3
original r6 (n=3),36.0,0.0,0.0,0.0,3
original r6 (n=3),37.0,0.0,0.0,0.0,3
original r6 (n=3),38.0,0.0,0.0,0.0,3
original r6 (n=3),39.0,0.0,0.0,0.0,3
original r6 (n=3),40.0,0.0,0.0,0.0,3
original r6 (n=3),41.0,0.0,0.0,0.0,3
original r6 (n=3),42.0,0.0,0.0,0.0,3
original r6 (n=3),43.0,0.0,0.0,0.0,3
original r6 (n=3),44.0,0.0,0.0,0.0,3
original r6 (n=3),45.0,0.0,0.0,0.0,3
original r6 (n=3),46.0,0.0,0.0,0.0,3
original r6 (n=3),47.0,0.0,0.0,0.0,3
original r6 (n=3),48.0,0.0,0.0,0.0,3
original r6 (n=3),49.0,0.0,0.0,0.0,3
original r6 (n=3),50.0,0.0,0.0,0.0,3
original r6 (n=3),51.0,0.0,0.0,0.0,3
original r6 (n=3),52.0,0.0,0.0,0.0,3
original r6 (n=3),53.0,0.0,0.0,0.0,3
original r6 (n=3),54.0,0.0,0.0,0.0,3
original r6 (n=3),55.0,0.0,0.0,0.0,3
original r6 (n=3),56.0,0.0,0.0,0.0,3
original r6 (n=3),57.0,0.0,0.0,0.0,3
original r6 (n=3),58.0,0.0,0.0,0.0,3
original r6 (n=3),59.0,0.0,0.0,0.0,3
original r6 (n=3),60.0,0.0,0.0,0.0,3
original r6 (n=3),61.0,0.0,0.0,0.0,3
original r6 (n=3),62.0,0.0,0.0,0.0,3
original r6 (n=3),63.0,0.3333333333333333,-1.1008842432320476,1.767550909898714,3
original r6 (n=3),64.0,0.3452380952380953,-1.1402015376331918,1.8306777281093825,3
original r6 (n=3),65.0,0.6904761904761904,-0.7976105005675139,2.1785628815198947,3
original r6 (n=3),66.0,0.7857142857142857,-0.9139011579900252,2.4853297294185968,3
original r6 (n=3),67.0,0.8809523809523809,-1.065485758672064,2.827390520576826,3
original r6 (n=3),68.0,0.9761904761904763,-1.2406063852248428,3.1929873376057953,3
original r6 (n=3),69.0,1.0714285714285714,-1.4316482025970714,3.574505345454214,3
original r6 (n=3),70.0,1.1388888888888888,-1.562855415325053,3.8406331931028306,3
original r6 (n=3),71.0,1.2063492063492063,-1.6968365342040153,4.109534946902428,3
original r6 (n=3),72.0,1.2738095238095237,-1.8330520458558928,4.38067109347494,3
original r6 (n=3),73.0,1.3412698412698412,-1.9710897998454422,4.653629482385124,3
original r6 (n=3),74.0,1.4087301587301588,-2.1106306044238696,4.928090921884188,3
original r6 (n=3),75.0,1.4761904761904763,-2.251424066714955,5.203805019095908,3
original r6 (n=3),76.0,1.4985119047619049,-2.2672292454084877,5.264253054932298,3
original r6 (n=3),77.0,1.5208333333333333,-2.2832665738234077,5.324933240490075,3
original r6 (n=3),78.0,1.5431547619047619,-2.2995290998134994,5.385838623623023,3
original r6 (n=3),79.0,1.5654761904761905,-2.3160101076481183,5.4469624886005,3
original r6 (n=3),80.0,1.5877976190476193,-2.3327031101807627,5.508298348276002,3
original r6 (n=3),81.0,1.6101190476190474,-2.3496018411773507,5.569839936415446,3
original r6 (n=3),82.0,1.6324404761904763,-2.3667002478148125,5.631581200195765,3
original r6 (n=3),83.0,1.6547619047619049,-2.3839924833584334,5.693516292882244,3
original r6 (n=3),84.0,1.6770833333333333,-2.4014729000244683,5.755639566691134,3
original r6 (n=3),85.0,1.6994047619047619,-2.419136042032843,5.817945565842367,3
original r6 (n=3),86.0,1.7217261904761905,-2.4369766388532836,5.880429019805665,3
original r6 (n=3),87.0,1.7440476190476193,-2.454989598646894,5.943084836742133,3
original r6 (n=3),88.0,1.7663690476190474,-2.473170001904041,6.005908097142136,3
original r6 (n=3),89.0,1.7886904761904763,-2.4915130952784468,6.068894047659399,3
original r6 (n=3),90.0,1.8110119047619049,-2.510014285616517,6.132038095140327,3
original r6 (n=3),91.0,1.8333333333333333,-2.5286691341801744,6.19533580084684,3
original r6 (n=3),92.0,1.8854166666666667,-2.530819730841526,6.30165306417486,3
original r6 (n=3),93.0,1.9375,-2.538150826418023,6.413150826418023,3
original r6 (n=3),94.0,2.323125,-0.8996476574341838,5.545897657434184,3
original r6 (n=3),95.0,2.3960416666666666,-0.7938333496145278,5.585916682947861,3
original r6 (n=3),96.0,2.4689583333333336,-0.6921276211608389,5.630044287827506,3
original r6 (n=3),97.0,2.541875,-0.594643607966729,5.678393607966729,3
original r6 (n=3),98.0,2.6147916666666666,-0.5014811581608689,5.731064491494202,3
original r6 (n=3),99.0,2.687708333333333,-0.4127249321331985,5.788141598799864,3
original r6 (n=3),100.0,2.8022916666666666,-0.3370628333318595,5.941646166665192,3
original r6 (n=3),101.0,2.9168749999999997,-0.2879902240272414,6.12174022402724,3
original r6 (n=3),102.0,3.031458333333333,-0.26392172307382156,6.326838389740487,3
original r6 (n=3),103.0,3.1460416666666666,-0.262866151480007,6.55494948481334,3
original r6 (n=3),104.0,3.1958101851851857,-0.18725722085887053,6.578877591229242,3
original r6 (n=3),105.0,3.2455787037037034,-0.11194430958163837,6.603101716989045,3
original r6 (n=3),106.0,3.2953472222222224,-0.03693422527446044,6.627628669718906,3
original r6 (n=3),107.0,3.34511574074074,0.037766098563885464,6.652465382917595,3
original r6 (n=3),108.0,3.467800925925926,0.04233711973670973,6.893264732115142,3
original r6 (n=3),109.0,3.5904861111111104,0.029695546424024943,7.151276675798195,3
original r6 (n=3),110.0,3.712996976568405,0.0008048565648883788,7.425189096571922,3
original r6 (n=3),111.0,3.8182501889644747,-0.13196371073968782,7.768464088668637,3
original r6 (n=3),112.0,3.9235034013605445,-0.27510259788025193,8.12210940060134,3
original r6 (n=3),113.0,4.028756613756614,-0.4268777727422064,8.484391000255435,3
original r6 (n=3),114.0,4.134009826152683,-0.5858785413074745,8.85389819361284,3
original r6 (n=3),115.0,4.239263038548754,-0.7509571552168248,9.229483232314333,3
original r6 (n=3),116.0,4.344516250944822,-0.9211776187261931,9.610210120615836,3
original r6 (n=3),117.0,4.449769463340892,-1.095773723918688,9.995312650600471,3
original r6 (n=3),118.0,4.555022675736961,-1.2741152982928536,10.384160649766775,3
original r6 (n=3),119.0,4.6602758881330315,-1.455681335772053,10.776233112038117,3
original r6 (n=3),120.0,4.68709772798008,-1.4397092261095663,10.813904682069726,3
original r6 (n=3),121.0,4.713919567827131,-1.4243455786419261,10.852184714296188,3
original r6 (n=3),122.0,4.725846077561459,-1.417755101403543,10.869447256526461,3
original r6 (n=3),123.0,4.737772587295788,-1.4111659190983694,10.886711093689945,3
original r6 (n=3),124.0,4.749699097030116,-1.404578028357296,10.903976222417528,3
original r6 (n=3),125.0,4.7616256067644445,-1.3979914258220765,10.921242639350965,3
original r6 (n=3),126.0,4.773552116498773,-1.3914061081452918,10.938510341142837,3
original r6 (n=3),127.0,4.785478626233101,-1.3848220719903104,10.955779324456513,3
original r6 (n=3),128.0,4.797405135967431,-1.3782393140312426,10.973049585966104,3
original r6 (n=3),129.0,4.809331645701759,-1.3716578309529126,10.99032112235643,3
original r6 (n=3),130.0,4.821258155436087,-1.3650776194508083,11.007593930322983,3
original r6 (n=3),131.0,4.833184665170417,-1.358498676231048,11.024868006571882,3
original r6 (n=3),132.0,4.845111174904745,-1.3519209980103382,11.042143347819827,3
original r6 (n=3),133.0,4.8570376846390735,-1.3453445815159357,11.059419950794084,3
original r6 (n=3),134.0,4.868964194373402,-1.338769423485612,11.076697812232416,3
original r6 (n=3),135.0,4.88089070410773,-1.3321955206676082,11.09397692888307,3
original r6 (n=3),136.0,4.892817213842059,-1.3256228698205996,11.111257297504718,3
original r6 (n=3),137.0,4.904743723576387,-1.3190514677136598,11.128538914866434,3
original r6 (n=3),138.0,4.9166702333107155,-1.3124813111262208,11.145821777747653,3
original r6 (n=3),139.0,4.928596743045044,-1.3059123968480328,11.16310588293812,3
original r6 (n=3),140.0,4.940523252779372,-1.2993447216791285,11.180391227237873,3
original r6 (n=3),141.0,4.952449762513701,-1.2927782824297882,11.19767780745719,3
original r6 (n=3),142.0,4.964376272248029,-1.2862130759204913,11.21496562041655,3
original r6 (n=3),143.0,4.9763027819823575,-1.2796490989818938,11.232254662946609,3
original r6 (n=3),144.0,4.988229291716686,-1.2730863484547816,11.249544931888153,3
original r6 (n=3),145.0,5.000155801451015,-1.2665248211900355,11.266836424092066,3
original r6 (n=3),146.0,5.012082311185344,-1.2599645140485913,11.284129136419278,3
original r6 (n=3),147.0,5.024008820919672,-1.2534054239014072,11.301423065740751,3
original r6 (n=3),148.0,5.035935330654001,-1.2468475476294296,11.318718208937433,3
original r6 (n=3),149.0,5.04786184038833,-1.2402908821235483,11.336014562900207,3
original r6 (n=3),150.0,5.059788350122658,-1.233735424284565,11.353312124529882,3
original r6 (n=3),151.0,5.071714859856987,-1.2271811710231564,11.37061089073713,3
original r6 (n=3),152.0,5.083641369591315,-1.2206281192598407,11.38791085844247,3
original r6 (n=3),153.0,5.095567879325643,-1.2140762659249313,11.405212024576219,3
original r6 (n=3),154.0,5.107494389059972,-1.2075256079585186,11.422514386078461,3
original r6 (n=3),155.0,5.1194208987943,-1.2009761423104148,11.439817939899015,3
original r6 (n=3),156.0,5.131347408528629,-1.194427865940134,11.45712268299739,3
original r6 (n=3),157.0,5.143273918262957,-1.1878807758168488,11.474428612342763,3
original r6 (n=3),158.0,5.155200427997285,-1.1813348689193548,11.491735724913926,3
original r6 (n=3),159.0,5.167126937731614,-1.1747901422360378,11.509044017699265,3
original r6 (n=3),160.0,5.179053447465943,-1.1682465927648398,11.526353487696726,3
original r6 (n=3),161.0,5.1909799572002715,-1.161704217513221,11.543664131913765,3
original r6 (n=3),162.0,5.2029064669346,-1.1551630134981279,11.560975947367329,3
original r6 (n=3),163.0,5.214832976668928,-1.148622977745955,11.578288931083812,3
original r6 (n=3),164.0,5.226759486403257,-1.1420841072925123,11.595603080099025,3
original r6 (n=3),165.0,5.238685996137586,-1.135546399182994,11.612918391458166,3
original r6 (n=3),166.0,5.250612505871914,-1.1290098504719417,11.63023486221577,3
original r6 (n=3),167.0,5.262539015606243,-1.1224744582232056,11.647552489435691,3
original r6 (n=3),168.0,5.274465525340571,-1.1159402195099206,11.664871270191064,3
original r6 (n=3),169.0,5.2863920350749,-1.1094071314144616,11.682191201564262,3
original r6 (n=3),170.0,5.298318544809228,-1.1028751910284198,11.699512280646875,3
original r6 (n=3),171.0,5.310245054543556,-1.0963443954525616,11.716834504539674,3
original r6 (n=3),172.0,5.322171564277885,-1.0898147417967996,11.734157870352568,3
original r6 (n=3),173.0,5.334098074012213,-1.0832862271801549,11.751482375204581,3
original r6 (n=3),174.0,5.346024583746542,-1.076758848730731,11.768808016223815,3
original r6 (n=3),175.0,5.357951093480871,-1.0702326035856737,11.786134790547415,3
original r6 (n=3),176.0,5.3698776032151985,-1.0637074888911435,11.80346269532154,3
original r6 (n=3),177.0,5.381804112949528,-1.0571835018022746,11.82079172770133,3
original r6 (n=3),178.0,5.393730622683857,-1.050660639483155,11.83812188485087,3
original r6 (n=3),179.0,5.405657132418185,-1.0441388991067866,11.855453163943157,3
original r6 (n=3),180.0,5.417583642152514,-1.037618277855045,11.872785562160072,3
original r6 (n=3),181.0,5.429510151886841,-1.0310987729186651,11.890119076692347,3
original r6 (n=3),182.0,5.441436661621171,-1.0245803814971923,11.907453704739535,3
original r6 (n=3),183.0,5.453363171355499,-1.0180631007989627,11.924789443509962,3
original r6 (n=3),184.0,5.4652896810898275,-1.0115469280410636,11.942126290220719,3
original r6 (n=3),185.0,5.477216190824156,-1.0050318604493036,11.959464242097615,3
original r6 (n=3),186.0,5.489142700558484,-0.9985178952581837,11.976803296375152,3
original r6 (n=3),187.0,5.501069210292813,-0.9920050297108629,11.994143450296487,3
original r6 (n=3),188.0,5.508093759242828,-0.9729382488408262,11.989125767326483,3
original r6 (n=3),189.0,5.515118308192843,-0.953884459687278,11.984121076072963,3
original r6 (n=3),190.0,5.522142857142857,-0.9348437348601637,11.979129449145876,3
original r6 (n=3),191.0,5.5291674060928715,-0.915816147431773,11.974150959617516,3
original r6 (n=3),192.0,5.536191955042887,-0.8968017709395815,11.969185681025355,3
original r6 (n=3),193.0,5.543216503992902,-0.8778006793890851,11.96423368737489,3
original r6 (n=3),194.0,5.5502410529429165,-0.8588129472566415,11.959295053142474,3
original r6 (n=3),195.0,5.557265601892932,-0.8398386494923358,11.9543698532782,3
original r6 (n=3),196.0,5.564290150842946,-0.82087786152284,11.949458163208732,3
original r6 (n=3),197.0,5.571314699792961,-0.8019306592542881,11.94456005884021,3
original r6 (n=3),198.0,5.578339248742975,-0.7829971190751612,11.93967561656111,3
original r6 (n=3),199.0,5.585363797692991,-0.7640773178591695,11.934804913245152,3
original r6 (n=3),200.0,5.5923883466430055,-0.745171332968158,11.92994802625417,3
original r6 (n=3),201.0,5.599412895593019,-0.7262792422550062,11.925105033441046,3
original r6 (n=3),202.0,5.606437444543034,-0.7074011240665392,11.920276013152607,3
original r6 (n=3),203.0,5.61346199349305,-0.6885370572464478,11.915461044232547,3
original r6 (n=3),204.0,5.620486542443064,-0.6696871211382156,11.910660206024344,3
original r6 (n=3),205.0,5.627511091393079,-0.650851395588047,11.905873578374205,3
original r6 (n=3),206.0,5.634535640343095,-0.6320299609478086,11.901101241633999,3
original r6 (n=3),207.0,5.641560189293108,-0.6132228980779688,11.896343276664187,3
original r6 (n=3),208.0,5.648654891304347,-0.5940846552986159,11.89139443790731,3
original r6 (n=3),209.0,5.662694746376811,-0.5407365651380314,11.866126057891654,3
original r6 (n=3),210.0,5.676734601449276,-0.4873897657887305,11.840858968687282,3
original r6 (n=3),211.0,5.69077445652174,-0.4340442821026391,11.815593195146118,3
original r6 (n=3),212.0,5.704814311594203,-0.38070013957290616,11.790328762761312,3
original r6 (n=3),213.0,5.718854166666667,-0.32735736435468077,11.765065697688014,3
original r6 (n=3),214.0,5.812604166666667,-0.23808092929768154,11.863289262631014,3
original r6 (n=3),215.0,5.906354166666667,-0.1676812395599887,11.980389572893323,3
original r6 (n=3),216.0,6.000104166666667,-0.11594209170689407,12.116150425040228,3
original r6 (n=3),217.0,6.093854166666667,-0.08248271581762179,12.270191049150956,3
original r6 (n=3),218.0,6.187604166666667,-0.06677449713412376,12.441982830467456,3
original r6 (n=3),219.0,6.281354166666667,-0.0681629320879873,12.63087126542132,3
original r6 (n=3),220.0,6.375104166666667,-0.08589281812206995,12.836101151455402,3
original r6 (n=3),221.0,6.468854166666667,-0.11913463268787439,13.056842966021208,3
original r6 (n=3),222.0,6.496814692982457,-0.08442205626078536,13.0780514422257,3
original r6 (n=3),223.0,6.524775219298245,-0.050360144141950336,13.099910582738442,3
original r6 (n=3),224.0,6.552735745614034,-0.016950709182504298,13.122422200410572,3
original r6 (n=3),225.0,6.580696271929824,0.01580462393474047,13.145587919924907,3
original r6 (n=3),226.0,6.608656798245614,0.047904421094248306,13.16940917539698,3
original r6 (n=3),227.0,6.636617324561404,0.0793474408764121,13.193887208246394,3
original r6 (n=3),228.0,6.664577850877193,0.11013263640859616,13.219023065345791,3
original r6 (n=3),229.0,6.692538377192982,0.14025915693217428,13.244817597453789,3
original r6 (n=3),230.0,6.720498903508772,0.1697263490800891,13.271271457937456,3
original r6 (n=3),231.0,6.748459429824561,0.19853375786050442,13.298385101788618,3
original r6 (n=3),232.0,6.7764199561403515,0.22668112734307488,13.326158784937629,3
original r6 (n=3),233.0,6.80438048245614,0.2541684010454279,13.354592563866852,3
original r6 (n=3),234.0,6.832341008771929,0.28099572201851597,13.383686295525344,3
original r6 (n=3),235.0,6.860301535087719,0.30716343263049417,13.413439637544943,3
original r6 (n=3),236.0,6.888262061403509,0.3326720740499356,13.443852048757083,3
original r6 (n=3),237.0,6.9162225877192975,0.357522385430177,13.474922790008417,3
original r6 (n=3),238.0,6.944183114035088,0.381715302797649,13.506650925272528,3
original r6 (n=3),239.0,6.972143640350876,0.4052519576481046,13.539035323053648,3
original r6 (n=3),240.0,7.00111111111111,0.4333950203275956,13.568827201894624,3
original r6 (n=3),241.0,7.112222222222221,1.013281421984738,13.211163022459704,3
original r6 (n=3),242.0,7.223333333333333,1.5916044868969434,12.855062179769721,3
original r6 (n=3),243.0,7.336666666666663,2.1794428171427027,12.493890516190625,3
original r6 (n=3),244.0,8.000833333333333,5.519800146033004,10.48186652063366,3
original r6 (n=3),245.0,8.084166666666667,5.906111774700433,10.2622215586329,3
original r6 (n=3),246.0,8.167499999999999,6.272917445592142,10.062082554407855,3
original r6 (n=3),247.0,8.250833333333333,6.610075732213872,9.891590934452793,3
original r6 (n=3),248.0,8.666666666666666,7.2324490901012854,10.100884243232047,3
original r6 (n=3),249.0,8.666666666666666,7.2324490901012854,10.100884243232047,3
original r6 (n=3),250.0,8.666666666666666,7.2324490901012854,10.100884243232047,3
original r6 (n=3),251.0,8.666666666666666,7.2324490901012854,10.100884243232047,3
original r6 (n=3),252.0,8.666666666666666,7.2324490901012854,10.100884243232047,3
original r6 (n=3),253.0,8.666666666666666,7.2324490901012854,10.100884243232047,3
original r6 (n=3),254.0,8.666666666666666,7.2324490901012854,10.100884243232047,3
original r6 (n=3),255.0,8.666666666666666,7.2324490901012854,10.100884243232047,3
original r6 (n=3),256.0,8.666666666666666,7.2324490901012854,10.100884243232047,3
original r6 (n=3),257.0,8.666666666666666,7.2324490901012854,10.100884243232047,3
original r6 (n=3),258.0,8.666666666666666,7.2324490901012854,10.100884243232047,3
original r6 (n=3),259.0,8.666666666666666,7.2324490901012854,10.100884243232047,3
original r6 (n=3),260.0,8.666666666666666,7.2324490901012854,10.100884243232047,3
original r6 (n=3),261.0,8.666666666666666,7.2324490901012854,10.100884243232047,3
original r6 (n=3),262.0,8.666666666666666,7.2324490901012854,10.100884243232047,3
original r6 (n=3),263.0,8.666666666666666,7.2324490901012854,10.100884243232047,3
original r6 (n=3),264.0,8.666666666666666,7.2324490901012854,10.100884243232047,3
original r6 (n=3),265.0,8.666666666666666,7.2324490901012854,10.100884243232047,3
original r6 (n=3),266.0,8.666666666666666,7.2324490901012854,10.100884243232047,3
original r6 (n=3),267.0,8.666666666666666,7.2324490901012854,10.100884243232047,3
original r6 (n=3),268.0,8.666666666666666,7.2324490901012854,10.100884243232047,3
original r6 (n=3),269.0,8.666666666666666,7.2324490901012854,10.100884243232047,3
original r6 (n=3),270.0,8.666666666666666,7.2324490901012854,10.100884243232047,3
original r6 (n=3),271.0,8.666666666666666,7.2324490901012854,10.100884243232047,3
original r6 (n=3),272.0,8.666666666666666,7.2324490901012854,10.100884243232047,3
original r6 (n=3),273.0,8.666666666666666,7.2324490901012854,10.100884243232047,3
original r6 (n=3),274.0,8.666666666666666,7.2324490901012854,10.100884243232047,3
original r6 (n=3),275.0,8.666666666666666,7.2324490901012854,10.100884243232047,3
original r6 (n=3),276.0,8.666666666666666,7.2324490901012854,10.100884243232047,3
original r6 (n=3),277.0,8.666666666666666,7.2324490901012854,10.100884243232047,3
original r6 (n=3),278.0,8.666666666666666,7.2324490901012854,10.100884243232047,3
original r6 (n=3),279.0,8.666666666666666,7.2324490901012854,10.100884243232047,3
original r6 (n=3),280.0,8.666666666666666,7.2324490901012854,10.100884243232047,3
original r6 (n=3),281.0,8.666666666666666,7.2324490901012854,10.100884243232047,3
original r6 (n=3),282.0,8.666666666666666,7.2324490901012854,10.100884243232047,3
original r6 (n=3),283.0,8.666666666666666,7.2324490901012854,10.100884243232047,3
original r6 (n=3),284.0,8.666666666666666,7.2324490901012854,10.100884243232047,3
original r6 (n=3),285.0,8.666666666666666,7.2324490901012854,10.100884243232047,3
original r6 (n=3),286.0,8.666666666666666,7.2324490901012854,10.100884243232047,3
original r6 (n=3),287.0,8.666666666666666,7.2324490901012854,10.100884243232047,3
original r6 (n=3),288.0,8.666666666666666,7.2324490901012854,10.100884243232047,3
original r6 (n=3),289.0,8.666666666666666,7.2324490901012854,10.100884243232047,3
original r6 (n=3),290.0,8.666666666666666,7.2324490901012854,10.100884243232047,3
original r6 (n=3),291.0,8.666666666666666,7.2324490901012854,10.100884243232047,3
original r6 (n=3),292.0,8.666666666666666,7.2324490901012854,10.100884243232047,3
original r6 (n=3),293.0,8.666666666666666,7.2324490901012854,10.100884243232047,3
original r6 (n=3),294.0,8.666666666666666,7.2324490901012854,10.100884243232047,3
original r6 (n=3),295.0,8.666666666666666,7.2324490901012854,10.100884243232047,3
original r6 (n=3),296.0,8.666666666666666,7.2324490901012854,10.100884243232047,3
original r6 (n=3),297.0,8.666666666666666,7.2324490901012854,10.100884243232047,3
original r6 (n=3),298.0,8.666666666666666,7.2324490901012854,10.100884243232047,3
original r6 (n=3),299.0,8.666666666666666,7.2324490901012854,10.100884243232047,3
original r6 (n=3),300.0,8.666666666666666,7.2324490901012854,10.100884243232047,3
ours r6 (n=2),0.0,0.0,0.0,0.0,2
ours r6 (n=2),1.0,0.0,0.0,0.0,2
ours r6 (n=2),2.0,0.0,0.0,0.0,2
ours r6 (n=2),3.0,0.0,0.0,0.0,2
ours r6 (n=2),4.0,0.0,0.0,0.0,2
ours r6 (n=2),5.0,0.0,0.0,0.0,2
ours r6 (n=2),6.0,0.0,0.0,0.0,2
ours r6 (n=2),7.0,0.0,0.0,0.0,2
ours r6 (n=2),8.0,0.0,0.0,0.0,2
ours r6 (n=2),9.0,0.0,0.0,0.0,2
ours r6 (n=2),10.0,0.0,0.0,0.0,2
ours r6 (n=2),11.0,0.0,0.0,0.0,2
ours r6 (n=2),12.0,0.0,0.0,0.0,2
ours r6 (n=2),13.0,0.0,0.0,0.0,2
ours r6 (n=2),14.0,0.0,0.0,0.0,2
ours r6 (n=2),15.0,0.0,0.0,0.0,2
ours r6 (n=2),16.0,0.0,0.0,0.0,2
ours r6 (n=2),17.0,0.0,0.0,0.0,2
ours r6 (n=2),18.0,0.0,0.0,0.0,2
ours r6 (n=2),19.0,0.0,0.0,0.0,2
ours r6 (n=2),20.0,0.0,0.0,0.0,2
ours r6 (n=2),21.0,0.5,-5.853102368216047,6.853102368216047,2
ours r6 (n=2),22.0,0.5384615384615384,-6.3033410119249735,7.38026408884805,2
ours r6 (n=2),23.0,0.5769230769230769,-6.753579655633899,7.907425809480053,2
ours r6 (n=2),24.0,1.1153846153846154,-0.35071593112678046,2.581485161896011,2
ours r6 (n=2),25.0,1.2094017094017095,-0.03949875614503462,2.4583021749484537,2
ours r6 (n=2),26.0,1.3034188034188035,0.2717184188367112,2.3351191880008955,2
ours r6 (n=2),27.0,1.3974358974358974,0.5829355938184543,2.2119362010533403,2
ours r6 (n=2),28.0,1.4914529914529915,0.8941527688002,2.088753214105783,2
ours r6 (n=2),29.0,1.5854700854700856,1.205369943781946,1.9655702271582252,2
ours r6 (n=2),30.0,1.6794871794871793,1.5165871187636901,1.8423872402106685,2
ours r6 (n=2),31.0,1.7735042735042734,1.7192042532631109,1.827804293745436,2
ours r6 (n=2),32.0,1.8675213675213675,1.5960212663155544,2.1390214687271807,2
ours r6 (n=2),33.0,1.9615384615384617,1.4728382793679968,2.4502386437089267,2
ours r6 (n=2),34.0,2.25,-0.9265511841080234,5.426551184108023,2
ours r6 (n=2),35.0,2.625,-2.1398267761620353,7.389826776162035,2
ours r6 (n=2),36.0,2.7738095238095237,-0.705270344499263,6.252889392118311,2
ours r6 (n=2),37.0,2.9226190476190474,0.7292860871635067,5.115952008074588,2
ours r6 (n=2),38.0,3.071428571428571,2.163842518826279,3.9790146240308633,2
ours r6 (n=2),39.0,3.1406926406926408,2.508132664636496,3.7732526167487856,2
ours r6 (n=2),40.0,3.20995670995671,2.8524228104467144,3.5674906094667054,2
ours r6 (n=2),41.0,3.279220779220779,3.1967129562569334,3.3617286021846247,2
ours r6 (n=2),42.0,3.3484848484848486,3.1559665949025444,3.541003102067153,2
ours r6 (n=2),43.0,3.4177489177489178,2.9502045876204637,3.885293247877372,2
ours r6 (n=2),44.0,3.487012987012987,2.744442580338383,4.229583393687591,2
ours r6 (n=2),45.0,3.5562770562770565,2.538680573056306,4.573873539497807,2
ours r6 (n=2),46.0,3.6255411255411256,2.332918565774222,4.918163685308029,2
ours r6 (n=2),47.0,3.6948051948051948,2.1271565584921417,5.262453831118248,2
ours r6 (n=2),48.0,3.7640692640692643,1.921394551210064,5.606743976928465,2
ours r6 (n=2),49.0,3.833333333333333,1.715632543927983,5.951034122738683,2
ours r6 (n=2),50.0,3.9126984126984126,1.391626044358715,6.43377078103811,2
ours r6 (n=2),51.0,3.992063492063492,1.067619544789438,6.916507439337546,2
ours r6 (n=2),52.0,4.071428571428571,0.7436130452201666,7.399244097636975,2
ours r6 (n=2),53.0,4.150793650793651,0.4196065456508924,7.88198075593641,2
ours r6 (n=2),54.0,4.23015873015873,0.09560004608162131,8.36471741423584,2
ours r6 (n=2),55.0,4.30952380952381,-0.22840645348765243,8.847454072535273,2
ours r6 (n=2),56.0,4.388888888888889,-0.5524129530569235,9.330190730834701,2
ours r6 (n=2),57.0,4.569444444444445,0.5105179314175237,8.628370957471365,2
ours r6 (n=2),58.0,4.75,1.5734488158919766,7.926551184108023,2
ours r6 (n=2),59.0,5.041666666666666,1.3356902852073067,8.747643048126026,2
ours r6 (n=2),60.0,5.333333333333334,1.0979317545226337,9.568734912144034,2
ours r6 (n=2),61.0,5.625,0.8601732238379647,10.389826776162035,2
ours r6 (n=2),62.0,5.916666666666666,0.6224146931532957,11.210918640180036,2
ours r6 (n=2),63.0,6.208333333333334,0.3846561624686222,12.032010504198045,2
ours r6 (n=2),64.0,6.5,0.1468976317839532,12.853102368216046,2
ours r6 (n=2),65.0,6.791666666666666,3.0856902852073067,10.497643048126026,2
ours r6 (n=2),66.0,7.083333333333334,6.0244829386306575,8.14218372803601,2
ours r6 (n=2),67.0,7.25,7.25,7.25,2
ours r6 (n=2),68.0,7.416666666666666,6.35781627196399,8.475517061369342,2
ours r6 (n=2),69.0,7.583333333333334,5.4656325439279865,9.701034122738681,2
ours r6 (n=2),70.0,7.75,4.573448815891977,10.926551184108023,2
ours r6 (n=2),71.0,7.916666666666666,3.681265087855966,12.152068245477366,2
ours r6 (n=2),72.0,8.083333333333334,2.7890813598199635,13.377585306846704,2
ours r6 (n=2),73.0,8.25,1.8968976317839532,14.603102368216046,2
ours r6 (n=2),74.0,8.416666666666666,1.004713903747943,15.82861942958539,2
ours r6 (n=2),75.0,8.541666666666666,0.6002887063966122,16.48304462693672,2
ours r6 (n=2),76.0,8.666666666666668,0.1958635090452674,17.13746982428807,2
ours r6 (n=2),77.0,8.773809523809524,-0.4533153443137845,18.00093439193283,2
ours r6 (n=2),78.0,8.88095238095238,-1.1024941976728346,18.864398959577592,2
ours r6 (n=2),79.0,8.988095238095237,-1.7516730510318972,19.72786352722237,2
ours r6 (n=2),80.0,9.095238095238095,-2.4008519043909473,20.591328094867137,2
ours r6 (n=2),81.0,9.285714285714285,-4.025547819119344,22.596976390547916,2
ours r6 (n=2),82.0,9.476190476190476,-5.650243733847724,24.602624686228676,2
ours r6 (n=2),83.0,9.666666666666668,-7.274939648576122,26.608272981909458,2
ours r6 (n=2),84.0,9.698540706605222,-7.043006317472543,26.440087730682986,2
ours r6 (n=2),85.0,9.73041474654378,-6.811072986368973,26.271902479456532,2
ours r6 (n=2),86.0,9.762288786482335,-6.579139655265395,26.103717228230067,2
ours r6 (n=2),87.0,9.79416282642089,-6.347206324161817,25.9355319770036,2
ours r6 (n=2),88.0,9.826036866359447,-6.1152729930582375,25.76734672577713,2
ours r6 (n=2),89.0,9.857910906298002,-5.88333966195467,25.599161474550677,2
ours r6 (n=2),90.0,9.88978494623656,-5.651406330851087,25.43097622332421,2
ours r6 (n=2),91.0,9.921658986175114,-5.41947299974751,25.26279097209774,2
ours r6 (n=2),92.0,9.953533026113671,-5.187539668643918,25.09460572087126,2
ours r6 (n=2),93.0,9.985407066052229,-4.955606337540351,24.92642046964481,2
ours r6 (n=2),94.0,10.017281105990783,-4.723673006436771,24.758235218418335,2
ours r6 (n=2),95.0,10.04915514592934,-4.491739675333191,24.590049967191874,2
ours r6 (n=2),96.0,10.081029185867894,-4.259806344229613,24.421864715965402,2
ours r6 (n=2),97.0,10.112903225806452,-4.027873013126046,24.25367946473895,2
ours r6 (n=2),98.0,10.152217741935484,-3.6939589920192493,23.998394475890215,2
ours r6 (n=2),99.0,10.191532258064516,-3.3600449709124547,23.743109487041487,2
ours r6 (n=2),100.0,10.230846774193548,-3.0261309498056583,23.487824498192754,2
ours r6 (n=2),101.0,10.27016129032258,-2.6922169286988744,23.232539509344036,2
ours r6 (n=2),102.0,10.309475806451612,-2.3583029075920816,22.977254520495308,2
ours r6 (n=2),103.0,10.348790322580644,-2.0243888864852853,22.72196953164657,2
ours r6 (n=2),104.0,10.388104838709676,-1.6904748653784907,22.466684542797843,2
ours r6 (n=2),105.0,10.42741935483871,-1.356560844271705,22.211399553949125,2
ours r6 (n=2),106.0,10.466733870967742,-1.0226468231649104,21.956114565100393,2
ours r6 (n=2),107.0,10.506048387096774,-0.688732802058114,21.700829576251664,2
ours r6 (n=2),108.0,10.545362903225806,-0.3548187809513177,21.445544587402928,2
ours r6 (n=2),109.0,10.58467741935484,-0.020904759844531995,21.190259598554213,2
ours r6 (n=2),110.0,10.623991935483872,0.3130092612622626,20.93497460970548,2
ours r6 (n=2),111.0,10.663306451612904,0.6469232823690572,20.67968962085675,2
ours r6 (n=2),112.0,10.702620967741936,0.9808373034758535,20.42440463200802,2
ours r6 (n=2),113.0,10.741935483870968,1.3147513245826374,20.1691196431593,2
ours r6 (n=2),114.0,10.76086956521739,1.3693269339414975,20.152412196493284,2
ours r6 (n=2),115.0,10.779803646563813,1.4239025433003487,20.135704749827276,2
ours r6 (n=2),116.0,10.798737727910238,1.4784781526592106,20.118997303161265,2
ours r6 (n=2),117.0,10.817671809256662,1.5330537620180635,20.10228985649526,2
ours r6 (n=2),118.0,10.836605890603085,1.587629371376913,20.085582409829257,2
ours r6 (n=2),119.0,10.855539971949508,1.642204980735773,20.068874963163243,2
ours r6 (n=2),120.0,10.874474053295934,1.6967805900946278,20.052167516497242,2
ours r6 (n=2),121.0,10.893408134642357,1.7513561994534879,20.035460069831224,2
ours r6 (n=2),122.0,10.91234221598878,1.805931808812339,20.01875262316522,2
ours r6 (n=2),123.0,10.931276297335202,1.8605074181712027,20.0020451764992,2
ours r6 (n=2),124.0,10.950210378681628,1.9150830275300539,19.985337729833205,2
ours r6 (n=2),125.0,10.969144460028051,1.9696586368889033,19.9686302831672,2
ours r6 (n=2),126.0,10.988078541374474,2.024234246247765,19.951922836501183,2
ours r6 (n=2),127.0,11.007012622720897,2.078809855606627,19.935215389835165,2
ours r6 (n=2),128.0,11.025946704067321,2.1333854649654675,19.918507943169175,2
ours r6 (n=2),129.0,11.044880785413746,2.187961074324331,19.90180049650316,2
ours r6 (n=2),130.0,11.063814866760168,2.2425366836831913,19.885093049837145,2
ours r6 (n=2),131.0,11.082748948106591,2.2971122930420407,19.86838560317114,2
ours r6 (n=2),132.0,11.101683029453016,2.3516879024008936,19.851678156505137,2
ours r6 (n=2),133.0,11.12061711079944,2.4062635117597555,19.834970709839126,2
ours r6 (n=2),134.0,11.139551192145863,2.4608391211186174,19.818263263173108,2
ours r6 (n=2),135.0,11.158485273492285,2.5154147304774686,19.801555816507104,2
ours r6 (n=2),136.0,11.17741935483871,2.5699903398363197,19.7848483698411,2
ours r6 (n=2),137.0,11.196353436185134,2.6245659491951816,19.76814092317509,2
ours r6 (n=2),138.0,11.215287517531557,2.679141558554031,19.751433476509085,2
ours r6 (n=2),139.0,11.23422159887798,2.733717167912893,19.734726029843067,2
ours r6 (n=2),140.0,11.253155680224404,2.7882927772717476,19.718018583177063,2
ours r6 (n=2),141.0,11.272089761570829,2.8428683866306095,19.70131113651105,2
ours r6 (n=2),142.0,11.291023842917252,2.897443995989459,19.684603689845044,2
ours r6 (n=2),143.0,11.309957924263674,2.9520196053483083,19.66789624317904,2
ours r6 (n=2),144.0,11.328892005610099,3.006595214707172,19.651188796513026,2
ours r6 (n=2),145.0,11.347826086956522,3.061170824066023,19.63448134984702,2
ours r6 (n=2),146.0,11.608695652173914,0.2836001262235701,22.93379117812426,2
ours r6 (n=2),147.0,11.869565217391305,-2.4939705716188865,26.233101006401498,2
ours r6 (n=2),148.0,11.895586297760211,-2.5223568237841203,26.313529419304544,2
ours r6 (n=2),149.0,11.921607378129117,-2.5507430759493364,26.39395783220757,2
ours r6 (n=2),150.0,11.947628458498023,-2.5791293281145595,26.47438624511061,2
ours r6 (n=2),151.0,11.97364953886693,-2.6075155802797862,26.554814658013647,2
ours r6 (n=2),152.0,11.999670619235836,-2.635901832445011,26.635243070916683,2
ours r6 (n=2),153.0,12.025691699604742,-2.6642880846102273,26.715671483819712,2
ours r6 (n=2),154.0,12.051712779973649,-2.692674336775463,26.796099896722758,2
ours r6 (n=2),155.0,12.077733860342555,-2.721060588940677,26.876528309625787,2
ours r6 (n=2),156.0,12.103754940711463,-2.7494468411059003,26.956956722528826,2
ours r6 (n=2),157.0,12.12977602108037,-2.777833093271113,27.03738513543185,2
ours r6 (n=2),158.0,12.155797101449275,-2.806219345436352,27.1178135483349,2
ours r6 (n=2),159.0,12.181818181818182,-2.8346055976015645,27.198241961237926,2
ours r6 (n=2),160.0,12.232683982683984,-2.5224650240169257,26.98783298938489,2
ours r6 (n=2),161.0,12.283549783549784,-2.2103244504322817,26.77742401753185,2
ours r6 (n=2),162.0,12.334415584415584,-1.8981838768476447,26.567015045678815,2
ours r6 (n=2),163.0,12.385281385281385,-1.5860433032629881,26.35660607382576,2
ours r6 (n=2),164.0,12.436147186147187,-1.2739027296783547,26.146197101972728,2
ours r6 (n=2),165.0,12.487012987012987,-0.9617621560937053,25.93578813011968,2
ours r6 (n=2),166.0,12.537878787878789,-0.6496215825090665,25.725379158266644,2
ours r6 (n=2),167.0,12.58874458874459,-0.33748100892442245,25.5149701864136,2
ours r6 (n=2),168.0,12.63961038961039,-0.025340435339789025,25.304561214560568,2
ours r6 (n=2),169.0,12.69047619047619,0.2868001382448586,25.094152242707523,2
ours r6 (n=2),170.0,12.741341991341992,0.5989407118295063,24.883743270854477,2
ours r6 (n=2),171.0,12.792207792207792,0.9110812854141539,24.673334299001432,2
ours r6 (n=2),172.0,12.843073593073594,1.223221858998789,24.462925327148398,2
ours r6 (n=2),173.0,12.893939393939394,1.5353624325834367,24.252516355295352,2
ours r6 (n=2),174.0,12.931818181818182,1.6695003472533667,24.194136016383,2
ours r6 (n=2),175.0,12.969696969696969,1.8036382619233198,24.13575567747062,2
ours r6 (n=2),176.0,13.007575757575758,1.9377761765932515,24.077375338558262,2
ours r6 (n=2),177.0,13.045454545454547,2.071914091263185,24.01899499964591,2
ours r6 (n=2),178.0,13.083333333333332,2.2060520059331257,23.96061466073354,2
ours r6 (n=2),179.0,13.121212121212121,2.3401899206030805,23.90223432182116,2
ours r6 (n=2),180.0,13.15909090909091,2.4743278352730123,23.843853982908808,2
ours r6 (n=2),181.0,13.199059561128527,2.5840013722283537,23.8141177500287,2
ours r6 (n=2),182.0,13.239028213166144,2.693674909183706,23.78438151714858,2
ours r6 (n=2),183.0,13.278996865203762,2.803348446139058,23.754645284268467,2
ours r6 (n=2),184.0,13.318965517241379,2.91302198309441,23.724909051388348,2
ours r6 (n=2),185.0,13.358934169278996,3.0226955200497496,23.69517281850824,2
ours r6 (n=2),186.0,13.398902821316614,3.1323690570051017,23.66543658562813,2
ours r6 (n=2),187.0,13.438871473354233,3.2420425939604556,23.63570035274801,2
ours r6 (n=2),188.0,13.47884012539185,3.3517161309157935,23.605964119867906,2
ours r6 (n=2),189.0,13.518808777429467,3.4613896678711473,23.576227886987787,2
ours r6 (n=2),190.0,13.558777429467085,3.571063204826501,23.54649165410767,2
ours r6 (n=2),191.0,13.598746081504702,3.6807367417818497,23.516755421227554,2
ours r6 (n=2),192.0,13.638714733542319,3.790410278737191,23.487019188347446,2
ours r6 (n=2),193.0,13.678683385579937,3.9000838156925433,23.45728295546733,2
ours r6 (n=2),194.0,13.718652037617556,4.009757352647895,23.427546722587216,2
ours r6 (n=2),195.0,13.758620689655173,4.119430889603237,23.39781048970711,2
ours r6 (n=2),196.0,14.025862068965516,7.344150957565884,20.70757318036515,2
ours r6 (n=2),197.0,14.293103448275861,10.568871025528523,18.0173358710232,2
ours r6 (n=2),198.0,14.310344827586206,10.367039909383138,18.253649745789275,2
ours r6 (n=2),199.0,14.327586206896552,10.165208793237763,18.48996362055534,2
ours r6 (n=2),200.0,14.344827586206897,9.963377677092378,18.726277495321416,2
ours r6 (n=2),201.0,14.362068965517242,9.761546560947004,18.96259137008748,2
ours r6 (n=2),202.0,14.379310344827587,9.559715444801618,19.198905244853556,2
ours r6 (n=2),203.0,14.39655172413793,9.357884328656244,19.435219119619617,2
ours r6 (n=2),204.0,14.413793103448276,9.156053212510859,19.671532994385693,2
ours r6 (n=2),205.0,14.431034482758621,8.954222096365474,19.90784686915177,2
ours r6 (n=2),206.0,14.448275862068964,8.752390980220097,20.14416074391783,2
ours r6 (n=2),207.0,14.46551724137931,8.55055986407471,20.38047461868391,2
ours r6 (n=2),208.0,14.482758620689655,8.348728747929338,20.616788493449974,2
ours r6 (n=2),209.0,14.5,8.146897631783954,20.853102368216046,2
ours r6 (n=2),210.0,14.5,8.146897631783954,20.853102368216046,2
ours r6 (n=2),211.0,14.5,8.146897631783954,20.853102368216046,2
ours r6 (n=2),212.0,14.5,8.146897631783954,20.853102368216046,2
ours r6 (n=2),213.0,14.5,8.146897631783954,20.853102368216046,2
ours r6 (n=2),214.0,14.5,8.146897631783954,20.853102368216046,2
ours r6 (n=2),215.0,14.5,8.146897631783954,20.853102368216046,2
ours r6 (n=2),216.0,14.5,8.146897631783954,20.853102368216046,2
ours r6 (n=2),217.0,14.5,8.146897631783954,20.853102368216046,2
ours r6 (n=2),218.0,14.5,8.146897631783954,20.853102368216046,2
ours r6 (n=2),219.0,14.5,8.146897631783954,20.853102368216046,2
ours r6 (n=2),220.0,14.5,8.146897631783954,20.853102368216046,2
ours r6 (n=2),221.0,14.5,8.146897631783954,20.853102368216046,2
ours r6 (n=2),222.0,14.5,8.146897631783954,20.853102368216046,2
ours r6 (n=2),223.0,14.5,8.146897631783954,20.853102368216046,2
ours r6 (n=2),224.0,14.5,8.146897631783954,20.853102368216046,2
ours r6 (n=2),225.0,14.5,8.146897631783954,20.853102368216046,2
ours r6 (n=2),226.0,14.5,8.146897631783954,20.853102368216046,2
ours r6 (n=2),227.0,14.5,8.146897631783954,20.853102368216046,2
ours r6 (n=2),228.0,14.5,8.146897631783954,20.853102368216046,2
ours r6 (n=2),229.0,14.5,8.146897631783954,20.853102368216046,2
ours r6 (n=2),230.0,14.5,8.146897631783954,20.853102368216046,2
ours r6 (n=2),231.0,14.5,8.146897631783954,20.853102368216046,2
ours r6 (n=2),232.0,14.5,8.146897631783954,20.853102368216046,2
ours r6 (n=2),233.0,14.5,8.146897631783954,20.853102368216046,2
ours r6 (n=2),234.0,14.5,8.146897631783954,20.853102368216046,2
ours r6 (n=2),235.0,14.5,8.146897631783954,20.853102368216046,2
ours r6 (n=2),236.0,14.5,8.146897631783954,20.853102368216046,2
ours r6 (n=2),237.0,14.5,8.146897631783954,20.853102368216046,2
ours r6 (n=2),238.0,14.5,8.146897631783954,20.853102368216046,2
ours r6 (n=2),239.0,14.5,8.146897631783954,20.853102368216046,2
ours r6 (n=2),240.0,14.5,8.146897631783954,20.853102368216046,2
ours r6 (n=2),241.0,14.5,8.146897631783954,20.853102368216046,2
ours r6 (n=2),242.0,14.5,8.146897631783954,20.853102368216046,2
ours r6 (n=2),243.0,14.5,8.146897631783954,20.853102368216046,2
ours r6 (n=2),244.0,14.5,8.146897631783954,20.853102368216046,2
ours r6 (n=2),245.0,14.5,8.146897631783954,20.853102368216046,2
ours r6 (n=2),246.0,14.5,8.146897631783954,20.853102368216046,2
ours r6 (n=2),247.0,14.5,8.146897631783954,20.853102368216046,2
ours r6 (n=2),248.0,14.5,8.146897631783954,20.853102368216046,2
ours r6 (n=2),249.0,14.5,8.146897631783954,20.853102368216046,2
ours r6 (n=2),250.0,14.5,8.146897631783954,20.853102368216046,2
ours r6 (n=2),251.0,14.5,8.146897631783954,20.853102368216046,2
ours r6 (n=2),252.0,14.5,8.146897631783954,20.853102368216046,2
ours r6 (n=2),253.0,14.5,8.146897631783954,20.853102368216046,2
ours r6 (n=2),254.0,14.5,8.146897631783954,20.853102368216046,2
ours r6 (n=2),255.0,14.5,8.146897631783954,20.853102368216046,2
ours r6 (n=2),256.0,14.5,8.146897631783954,20.853102368216046,2
ours r6 (n=2),257.0,14.5,8.146897631783954,20.853102368216046,2
ours r6 (n=2),258.0,14.5,8.146897631783954,20.853102368216046,2
ours r6 (n=2),259.0,14.5,8.146897631783954,20.853102368216046,2
ours r6 (n=2),260.0,14.5,8.146897631783954,20.853102368216046,2
ours r6 (n=2),261.0,14.5,8.146897631783954,20.853102368216046,2
ours r6 (n=2),262.0,14.5,8.146897631783954,20.853102368216046,2
ours r6 (n=2),263.0,14.5,8.146897631783954,20.853102368216046,2
ours r6 (n=2),264.0,14.5,8.146897631783954,20.853102368216046,2
ours r6 (n=2),265.0,14.5,8.146897631783954,20.853102368216046,2
ours r6 (n=2),266.0,14.5,8.146897631783954,20.853102368216046,2
ours r6 (n=2),267.0,14.5,8.146897631783954,20.853102368216046,2
ours r6 (n=2),268.0,14.5,8.146897631783954,20.853102368216046,2
ours r6 (n=2),269.0,14.5,8.146897631783954,20.853102368216046,2
ours r6 (n=2),270.0,14.5,8.146897631783954,20.853102368216046,2
ours r6 (n=2),271.0,14.5,8.146897631783954,20.853102368216046,2
ours r6 (n=2),272.0,14.5,8.146897631783954,20.853102368216046,2
ours r6 (n=2),273.0,14.5,8.146897631783954,20.853102368216046,2
ours r6 (n=2),274.0,14.5,8.146897631783954,20.853102368216046,2
ours r6 (n=2),275.0,14.5,8.146897631783954,20.853102368216046,2
ours r6 (n=2),276.0,14.5,8.146897631783954,20.853102368216046,2
ours r6 (n=2),277.0,14.5,8.146897631783954,20.853102368216046,2
ours r6 (n=2),278.0,14.5,8.146897631783954,20.853102368216046,2
ours r6 (n=2),279.0,14.5,8.146897631783954,20.853102368216046,2
ours r6 (n=2),280.0,14.5,8.146897631783954,20.853102368216046,2
ours r6 (n=2),281.0,14.5,8.146897631783954,20.853102368216046,2
ours r6 (n=2),282.0,14.5,8.146897631783954,20.853102368216046,2
ours r6 (n=2),283.0,14.5,8.146897631783954,20.853102368216046,2
ours r6 (n=2),284.0,14.5,8.146897631783954,20.853102368216046,2
ours r6 (n=2),285.0,14.5,8.146897631783954,20.853102368216046,2
ours r6 (n=2),286.0,14.5,8.146897631783954,20.853102368216046,2
ours r6 (n=2),287.0,14.5,8.146897631783954,20.853102368216046,2
ours r6 (n=2),288.0,14.5,8.146897631783954,20.853102368216046,2
ours r6 (n=2),289.0,14.5,8.146897631783954,20.853102368216046,2
ours r6 (n=2),290.0,14.5,8.146897631783954,20.853102368216046,2
ours r6 (n=2),291.0,14.5,8.146897631783954,20.853102368216046,2
ours r6 (n=2),292.0,14.5,8.146897631783954,20.853102368216046,2
ours r6 (n=2),293.0,14.5,8.146897631783954,20.853102368216046,2
ours r6 (n=2),294.0,14.5,8.146897631783954,20.853102368216046,2
ours r6 (n=2),295.0,14.5,8.146897631783954,20.853102368216046,2
ours r6 (n=2),296.0,14.5,8.146897631783954,20.853102368216046,2
ours r6 (n=2),297.0,14.5,8.146897631783954,20.853102368216046,2
ours r6 (n=2),298.0,14.5,8.146897631783954,20.853102368216046,2
ours r6 (n=2),299.0,14.5,8.146897631783954,20.853102368216046,2
ours r6 (n=2),300.0,14.5,8.146897631783954,20.853102368216046,2
