event,algo,fleet,scenario,seed,run_ts,n_cycles,cycle_time_mean,cycle_time_median,cycle_time_p95,cycle_time_max,iterations_budget_mean,iterations_executed_mean,round_trip_mean,total_compute_time
CHOMP_TIME_FULL,multi_chomp,r2,grouped,15,20260916_085832,66,1.1385303030303033,1.1324999999999998,1.1997499999999999,1.208,100.0,97.31818181818181,1.1466996060606058,75.14300000000001
CHOMP_TIME_FULL,multi_chomp,r2,grouped,42,20260916_084835,64,1.1462343750000001,1.1469999999999998,1.2198499999999999,1.23,100.0,95.65625,1.15463628125,73.35900000000001
CHOMP_TIME_FULL,multi_chomp,r2,grouped,7,20260916_103940,74,1.1822972972972974,1.1995,1.2461,1.278,100.0,97.97297297297297,1.1907036216216218,87.49000000000001
CHOMP_TIME_FULL,multi_chomp,r4,grouped,15,20260916_060034,27,7.493592592592593,7.477,7.6569,7.741,100.0,100.0,7.506854777777778,202.32700000000003
CHOMP_TIME_FULL,multi_chomp,r4,grouped,42,20260916_071151,24,7.598916666666668,7.596,7.70955,7.719,100.0,100.0,7.613460416666666,182.37400000000002
CHOMP_TIME_FULL,multi_chomp,r4,grouped,7,20260916_065705,20,7.488749999999999,7.544499999999999,7.70115,7.723,100.0,95.7,7.503062250000001,149.77499999999998
CHOMP_TIME_FULL,multi_chomp,r6,dynamic,15,20260918_064834,8,32.111375,32.1225,32.876549999999995,32.977,100.0,100.0,32.14243625,256.891
CHOMP_TIME_FULL,multi_chomp,r6,dynamic,42,20260918_124903,11,24.948454545454545,24.755,25.619,25.97,100.0,100.0,24.97045127272727,274.433
CHOMP_TIME_FULL,multi_chomp,r6,dynamic,7,20260918_124214,11,25.09336363636364,25.065,25.432000000000002,25.456,100.0,100.0,25.11680518181818,276.02700000000004
CHOMP_TIME_FULL,multi_chomp,r6,grouped,15,20260915_054841,8,33.76575,34.0025,34.67655,34.742,100.0,92.125,33.806434875,270.126
CHOMP_TIME_FULL,multi_chomp,r6,grouped,42,20260915_045648,10,26.2752,26.305,26.921799999999998,27.208,100.0,100.0,26.299722100000004,262.752
CHOMP_TIME_FULL,multi_chomp,r6,grouped,7,20260915_053407,8,33.826750000000004,33.952,34.48925,34.54,100.0,100.0,33.863160875,270.61400000000003
CHOMP_TIME_FULL,multi_chomp,r6,mixed,15,20260915_030338,10,26.147000000000002,26.153,26.65615,26.698,100.0,100.0,26.169399400000003,261.47
CHOMP_TIME_FULL,multi_chomp,r6,mixed,42,20260915_043011,10,26.412,26.317500000000003,27.10155,27.336,100.0,99.0,26.4360282,264.12
CHOMP_TIME_FULL,multi_chomp,r6,mixed,7,20260915_032058,11,25.983636363636368,25.873,26.643,26.978,100.0,100.0,26.006693909090913,285.82000000000005
CHOMP_TIME_FULL,multi_chomp,r6,random,15,20260914_140146,10,25.930400000000002,26.1935,26.496100000000002,26.497,100.0,100.0,25.9522131,259.30400000000003
CHOMP_TIME_FULL,multi_chomp,r6,random,42,20260914_112709,11,24.969454545454543,25.108,25.8885,25.895,100.0,92.18181818181819,24.99179181818182,274.664
CHOMP_TIME_FULL,multi_chomp,r6,random,7,20260914_124936,10,25.1814,25.121000000000002,25.54265,25.616,100.0,100.0,25.2038398,251.814
CHOMP_TIME_FULL,rolling_chomp,r2,grouped,15,20260916_091311,14,0.6325000000000001,0.9325000000000001,0.9783999999999999,0.994,100.0,66.42857142857143,0.6437903571428573,8.855
CHOMP_TIME_PARTIAL,rolling_chomp,r2,grouped,15,20260916_091311,540,0.09336666666666667,0.093,0.101,0.111,10.0,10.0,0.1016692462962963,50.418
CHOMP_TIME_FULL,rolling_chomp,r2,grouped,42,20260916_100139,19,0.6738947368421053,0.946,0.9970999999999999,1.025,100.0,69.15789473684211,0.6852534210526317,12.804
CHOMP_TIME_PARTIAL,rolling_chomp,r2,grouped,42,20260916_100139,530,0.09485283018867922,0.095,0.102,0.165,10.0,10.0,0.10354089433962263,50.27199999999999
CHOMP_TIME_FULL,rolling_chomp,r2,grouped,7,20260916_104550,15,0.7604666666666667,0.959,1.0056,1.014,100.0,78.33333333333333,0.7726229333333332,11.407000000000002
CHOMP_TIME_PARTIAL,rolling_chomp,r2,grouped,7,20260916_104550,550,0.09517999999999999,0.095,0.102,0.111,10.0,10.0,0.10403941090909091,52.34899999999999
CHOMP_TIME_FULL,rolling_chomp,r4,grouped,15,20260916_064128,16,3.1407499999999997,3.535,3.604,3.676,100.0,88.5,3.1605404375,50.251999999999995
CHOMP_TIME_PARTIAL,rolling_chomp,r4,grouped,15,20260916_064128,423,0.3690567375886525,0.367,0.39,0.45,10.0,10.0,0.3851577092198582,156.111
CHOMP_TIME_FULL,rolling_chomp,r4,grouped,42,20260916_072157,31,3.5827096774193548,3.741,3.9015,3.939,100.0,95.48387096774194,3.6040754193548388,111.064
CHOMP_TIME_PARTIAL,rolling_chomp,r4,grouped,42,20260916_072157,278,0.3918273381294964,0.3895,0.42729999999999996,0.475,10.0,10.0,0.40899806834532376,108.928
CHOMP_TIME_FULL,rolling_chomp,r4,grouped,7,20260916_063446,32,3.55296875,3.6475,3.72485,3.8,100.0,97.3125,3.57234134375,113.695
CHOMP_TIME_PARTIAL,rolling_chomp,r4,grouped,7,20260916_063446,269,0.3785018587360595,0.378,0.401,0.453,10.0,10.0,0.3946388996282529,101.81700000000001
CHOMP_TIME_FULL,rolling_chomp,r6,dynamic,15,20260918_140653,60,0.2046666666666667,0.205,0.22605,0.233,100.0,100.0,0.23691949999999998,12.280000000000001
CHOMP_TIME_PARTIAL,rolling_chomp,r6,dynamic,15,20260918_140653,378,0.022243386243386242,0.021,0.034,0.062,10.0,10.0,0.05003687830687831,8.408
CHOMP_TIME_FULL,rolling_chomp,r6,dynamic,42,20260918_135848,57,0.19743859649122805,0.203,0.2352,0.249,100.0,95.6140350877193,0.2306127894736842,11.254
CHOMP_TIME_PARTIAL,rolling_chomp,r6,dynamic,42,20260918_135848,431,0.022663573085846864,0.021,0.033,0.048,10.0,10.0,0.05032790951276102,9.767999999999999
CHOMP_TIME_FULL,rolling_chomp,r6,grouped,42,20260915_050758,41,4.161317073170732,4.301,4.642,5.016,100.0,95.90243902439025,4.1859142682926835,170.614
CHOMP_TIME_PARTIAL,rolling_chomp,r6,grouped,42,20260915_050758,108,0.46044444444444443,0.452,0.5143,0.73,10.0,10.0,0.48021287037037047,49.728
CHOMP_TIME_FULL,rolling_chomp,r6,grouped,7,20260915_052553,41,4.3428048780487805,4.367,4.711,4.856,100.0,99.14634146341463,4.368356219512195,178.055
CHOMP_TIME_PARTIAL,rolling_chomp,r6,grouped,7,20260915_052553,89,0.462247191011236,0.453,0.5378,0.647,10.0,10.0,0.4826641460674157,41.14000000000001
CHOMP_TIME_FULL,rolling_chomp,r6,mixed,15,20260915_031227,37,4.8617837837837845,6.075,6.7006,6.867,100.0,77.29729729729729,4.893385162162162,179.88600000000002
CHOMP_TIME_PARTIAL,rolling_chomp,r6,mixed,15,20260915_031227,48,0.6426458333333334,0.639,0.749,0.817,10.0,10.0,0.6699074375,30.847
CHOMP_TIME_FULL,rolling_chomp,r6,mixed,42,20260915_033748,52,4.144173076923076,4.1105,4.4909,4.562,100.0,100.0,4.16858626923077,215.49699999999999
CHOMP_TIME_PARTIAL,rolling_chomp,r6,mixed,42,20260915_033748,25,0.47104,0.473,0.5118,0.549,10.0,10.0,0.49065420000000004,11.776
CHOMP_TIME_FULL,rolling_chomp,r6,mixed,7,20260915_032717,45,4.154866666666667,4.257,4.523599999999999,4.636,100.0,98.42222222222222,4.177922911111111,186.969
CHOMP_TIME_PARTIAL,rolling_chomp,r6,mixed,7,20260915_032717,74,0.4371486486486487,0.429,0.49405,0.528,10.0,10.0,0.4566309324324324,32.349000000000004
CHOMP_TIME_FULL,rolling_chomp,r6,random,15,20260914_141006,29,7.107137931034483,7.923,8.7386,8.859,100.0,86.75862068965517,7.153323172413794,206.107
CHOMP_TIME_PARTIAL,rolling_chomp,r6,random,15,20260914_141006,15,0.9116666666666665,0.902,1.0346,1.064,10.0,10.0,0.9456152000000001,13.674999999999997
CHOMP_TIME_FULL,rolling_chomp,r6,random,42,20260914_123044,3,11.684333333333333,11.684,12.1592,12.212,100.0,100.0,11.730826,35.053
CHOMP_TIME_FULL,rolling_chomp,r6,random,42,20260914_123348,66,3.1559999999999997,3.88,4.1755,4.311,100.0,78.22727272727273,3.1803792121212116,208.296
CHOMP_TIME_PARTIAL,rolling_chomp,r6,random,42,20260914_123348,23,0.43973913043478263,0.439,0.46769999999999995,0.492,10.0,10.0,0.45712526086956506,10.114
CHOMP_TIME_FULL,rolling_chomp,r6,random,7,20260914_124309,47,4.031297872340426,3.996,4.334099999999999,4.626,100.0,100.0,4.05529870212766,189.471
CHOMP_TIME_PARTIAL,rolling_chomp,r6,random,7,20260914_124309,86,0.4202441860465117,0.417,0.45975,0.47,10.0,10.0,0.43775902325581395,36.141000000000005
